06ec76f2-2ea4-478e-a4b7-c31c4545b57b,Alternative Rock
15c98856-22ef-445c-add0-ed3ee49a0c2f,Alternative Rock
1b055a51-eac1-4b06-a28f-d0b8c7a5e65a,Alternative Rock
1c398e28-a63d-4c25-813b-ef9a96aadacb,Alternative Rock
1d16d24f-6480-45b8-86ad-3cc9591769b3,Alternative Rock
1d185361-aea5-417b-84d9-34c47c4dab16,Alternative Rock
2430a1ca-f891-43d6-a2f2-0a530239d004,Alternative Rock
25b32408-1077-42b8-8cf3-b80686e11413,Alternative Rock
2b925fef-9ea4-47cc-8265-316bbfcec766,Alternative Rock
2c88a3bc-9d4b-4333-8a32-9833a2f9e9cb,Alternative Rock
2e39672b-b813-4a39-8c4f-3ba24bc87324,Alternative Rock
2fb58cf8-1223-44e6-a150-02f56454b18f,Alternative Rock
36dfd23f-b598-4d9f-8698-3bd90486a170,Alternative Rock
3a880eba-3f5a-4618-9b45-51ecdfe26255,Alternative Rock
3b347cb5-ce64-4382-8050-4977b9909e2e,Alternative Rock
3d3736ba-031d-4afd-8ba0-9982f5809766,Alternative Rock
45294873-f340-4172-ada4-a1b2a9ed055d,Alternative Rock
4cca5922-97ed-4f3d-aa07-5e559d91ba71,Alternative Rock
53c6c722-17ee-4464-8fc0-12237d4a748a,Alternative Rock
5d789be8-fedf-4ddb-a429-0977731fb9ab,Alternative Rock
69ac6d7a-8134-4b76-b7e2-40e13606da7d,Alternative Rock
6b73247e-55fc-4d2c-ae5c-9e8273842111,Alternative Rock
78b561ae-475d-41f7-b804-ee65a7ec73c0,Alternative Rock
85ef110d-3b52-4f1f-abb8-c7a70dbf31b3,Alternative Rock
886c0641-b2c7-403e-9038-ec87347b318d,Alternative Rock
89eb636d-0f7a-4c91-a488-65f5e0c87a51,Alternative Rock
8cfa0138-1585-4fde-970a-c774ba961e7a,Alternative Rock
9160e42b-8fae-402d-9cee-d6826c5cce33,Alternative Rock
936ada8f-1311-4320-95f1-4a0d91707818,Alternative Rock
a1bf2049-095f-4fe1-b428-4178ead6595c,Alternative Rock
a8bbd2ff-dbd7-4624-b837-f7f2b5c096b3,Alternative Rock
a90342c2-b2e3-4b05-9dac-d79c0393ca9d,Alternative Rock
af3f426f-db2a-4d72-8ec1-e6c28d0314b7,Alternative Rock
b094eac1-8d8b-463f-8fbf-c76ea089559c,Alternative Rock
b7b9110c-a109-42d6-b94d-b7d3cc4cd4fb,Alternative Rock
c8ecea4a-b955-416d-866b-c218a73fa588,Alternative Rock
d48521c6-915c-4da7-bc07-49dd86271de4,Alternative Rock
d4cc6edf-d9aa-4e2b-af2d-208ca78845fd,Alternative Rock
d75cb140-b149-45b2-9f99-d874d79fc7f8,Alternative Rock
d95aa625-a8af-4a2b-907b-15a850c282f7,Alternative Rock
dc38288a-8a6f-4f44-aa35-a79c517f8462,Alternative Rock
df309447-7daf-412f-b878-92d2577c4b26,Alternative Rock
e348a863-db3c-4123-a69e-ce268db4c6e3,Alternative Rock
e780824f-160b-4361-b577-08094de804c0,Alternative Rock
e8ea0931-28b9-416b-a41c-d0629b8604aa,Alternative Rock
f63baac8-97fc-4166-b41b-0094524f0454,Alternative Rock
f8aa9493-e12d-4df2-8b13-28490174cb24,Alternative Rock
fbb2d6eb-0a8b-4822-8e86-c5ed40a03fc7,Alternative Rock
ff9f3e0c-8338-454f-bde4-0e3f7278a9d5,Alternative Rock
05df20c8-a2df-4c1c-8403-fc41d8e59cfb,Classical
0aedb091-ea32-465f-bc74-4d0d8ee6c2e6,Classical
16a4e0c2-a71a-427e-8380-972f0f9e2144,Classical
26435818-723d-47db-9372-18dd22a11d92,Classical
3043241e-6c0d-4fc0-ac9b-9bcfcdc778c6,Classical
314ad42a-b068-428d-83cb-b26b37a362ce,Classical
329c8aef-bb83-41f3-b485-a9b7d69de3ab,Classical
382a99b4-b163-4317-abdd-62c1b30eb004,Classical
4003c01c-0b3c-4efd-bddf-49ddbd13ea06,Classical
441969b6-b0b2-4893-a56b-d1ee59045bbb,Classical
4edcc2a9-e0af-4adb-9264-85cf830f4188,Classical
58cf413c-9ba9-4461-bbff-4202ca1c5a6d,Classical
620f4c17-88dd-4441-a5b0-7edcb40d3995,Classical
669cb641-6fcf-4241-96ee-f87429847cdc,Classical
81626902-75ad-4b1b-9ebb-ab0ab29ccd89,Classical
89773385-ed59-4b3b-bd74-9753e72dd652,Classical
8e8cdd5d-7d50-4155-83f3-de88bbcf2d3c,Classical
8f3a75fd-2248-495f-ab86-45c49fa95907,Classical
a1e5baf8-92bd-402a-a0f0-a25a57f138c6,Classical
a3109560-b27f-4354-a3ba-51f6a7ecd7db,Classical
a91f5bec-403b-4803-8867-d261572c44a9,Classical
abbfadba-8be9-4db3-98e1-18dba746b59b,Classical
b20ded2f-2fd8-475c-a6dd-b2d464e7ee58,Classical
b451adcc-3a32-47a0-ad94-561a9425107c,Classical
b5964e4c-3718-4fbf-83f0-5d3ac17b17f8,Classical
bbe87d76-de53-4004-8e41-d608d830603b,Classical
cdc064ba-7c86-4c06-ac9e-e2586fdd1bed,Classical
ce839226-1f83-4659-81c1-4de3b5e8b3f6,Classical
d7a99407-4eb6-4bbc-a2a8-bc52ed3a6d23,Classical
d9d7ca17-d6a1-4fb0-931f-1b18032b1c01,Classical
e0699cd0-c168-486d-a18d-996edb50180b,Classical
e15b5d86-61f0-4bd1-8c66-c537b54af946,Classical
e55c77f1-8422-4729-8c06-a080573cc39e,Classical
f1ad1193-f45e-4a87-b7b4-f28c83008330,Classical
f4077f86-590f-45e8-93e9-c732bbe3d1a1,Classical
f77c5ef2-6c69-45d6-b7ad-ce1fba304494,Classical
08fadcb0-094c-45fb-a807-a429ff41ea6b,Jazz
13791805-f7f5-4f7f-afc1-d7349d297b74,Jazz
1ae7f590-0832-4485-9b50-598aa5b42ec4,Jazz
20f44e6b-ef2f-49a9-b974-c90fbc477a99,Jazz
2682c7f4-450b-464a-8b43-43574f79200f,Jazz
26a55082-7fc4-453b-96ac-53f347de947c,Jazz
28a50ed4-0300-4470-9d33-e6fd524373e6,Jazz
38554094-030a-44f2-bdc4-fb02aaa42239,Jazz
3be918bb-a52d-4300-b75c-5dfa9b293537,Jazz
3fe0e3c6-9455-4880-9955-8566cd787f25,Jazz
50a5a4d4-f8dd-49fd-ab95-6d57f88cacb4,Jazz
59409664-3c3b-4cb6-825c-5c29d9c39a02,Jazz
682aa05c-5f95-4128-9623-4c15c5d15d52,Jazz
7b32d216-38d3-4658-ac17-b956e6306198,Jazz
8696eadd-6cc5-4c27-b614-6c5ff9ee6493,Jazz
8896fe37-4af9-446c-91fe-a51c5e5c2ed4,Jazz
8dd10980-4925-4c08-a2a5-e1be809a4946,Jazz
8f774477-dc2c-4305-a3a4-4ceae4d3caa0,Jazz
911712d6-12cd-495e-8e7b-38245ffe13b3,Jazz
9c58831a-a92b-4a72-99ff-d33eb7ff5c69,Jazz
a15160d0-f83a-4488-9fca-6b3559fe72ed,Jazz
abfde391-1c96-4a93-8dab-dd1b8769fb04,Jazz
bab92fd0-5da6-420e-8b91-d3216fe37e29,Jazz
bafa7170-9443-40a8-b7d5-1ac6244e5e16,Jazz
c86d4d5d-8666-470e-bc9c-24e5a233f83c,Jazz
cc23e9e0-228f-4794-9e6f-9e1ca0530f4d,Jazz
cda51e0d-dd5f-436a-8abc-b1baee29ea5d,Jazz
d098cf9e-48c0-409e-9791-e6742b49ac65,Jazz
d57d5ea1-8246-4fb8-97a8-4e03141c4bfa,Jazz
e64b0bda-077c-4f29-bf63-3a555f2f547b,Jazz
f4623679-68b8-4f14-85bc-57d1d8f4ae3c,Jazz
f4a927b8-fd00-4551-96d6-580d437557d6,Jazz
f61820b8-7dc4-4989-8f37-1faca38bc691,Jazz
f885ada1-d084-47e7-8374-e4217a8fa794,Jazz
05aab037-e9df-4a8e-a441-ec0b9da13167,Dance & Electronic
0e10d40d-0ade-482b-aa9b-3061fa63464c,Dance & Electronic
179fcd9a-bdbe-4d98-82d1-4dd7429ab528,Dance & Electronic
24e0c71a-097a-4b02-9caf-b5dda66e3d48,Dance & Electronic
3647f2e0-4d38-40d0-b054-2e6f30e8d0a4,Dance & Electronic
365ae1e3-cd78-4d73-a859-c1bd2a62fed8,Dance & Electronic
3754f134-a2a8-4154-96db-4461105a62e6,Dance & Electronic
37f23153-a719-4763-86f8-632318f48435,Dance & Electronic
382ab17d-95c2-410a-b999-50c8ea1f2b86,Dance & Electronic
39f1ad97-87d2-4e13-bb9b-66d538e89ce5,Dance & Electronic
3c3d0bb4-5953-41fe-81fe-8f44120617a5,Dance & Electronic
42859686-fdd6-4cec-8e7c-367e5d3b9651,Dance & Electronic
4d7927eb-eda4-4f3a-a616-15496324e9b6,Dance & Electronic
5394420d-1369-4e67-9d26-8dfcccb7762d,Dance & Electronic
55528bd6-38bf-4ddc-a822-90097b12b75b,Dance & Electronic
5af419eb-d9b3-486e-9f42-d702ad141e36,Dance & Electronic
5d85f277-74ef-43fa-bb45-3dc4374cbf75,Dance & Electronic
63be2aac-ec76-4f8b-a2db-c1da25e2f837,Dance & Electronic
6626913d-73fb-4f57-9282-e340328f34ea,Dance & Electronic
6730d7b7-7ca8-410e-b9c7-46fd2016a4fc,Dance & Electronic
67fe11b3-b0dd-4f2b-a5bb-d422afd438ea,Dance & Electronic
69691535-cee4-4f06-960a-9dacdc758c6d,Dance & Electronic
71612b22-dd42-497b-99eb-be5cab3ed7c3,Dance & Electronic
7db1a503-386b-4f70-b2c7-ffd3c381fd08,Dance & Electronic
87fa73f7-1b5b-4bf5-8cbc-cc9567841ad8,Dance & Electronic
8bd49a19-43fd-4153-853e-a3b8c473cecf,Dance & Electronic
8e06884a-1202-43bf-9f22-27d2dc32033a,Dance & Electronic
9a70f321-d270-473c-8f9f-faf255b91b9f,Dance & Electronic
9b2e2869-3867-48f1-b709-ec55d7dfbccf,Dance & Electronic
a00d2698-6049-4dc7-9e1a-825f10f9f6c5,Dance & Electronic
a833cfea-589e-4b64-91ca-20d28611e5ee,Dance & Electronic
aa08583c-100f-4448-b068-cdb254ea05ff,Dance & Electronic
b4b4191c-6e41-46c4-b864-7560e2e334ed,Dance & Electronic
b7606d2a-a546-4275-b53d-04703efd29a7,Dance & Electronic
b7db062a-772a-4303-85ce-ca407c86e6b8,Dance & Electronic
b88c0a2b-ea22-45ae-93f7-618b0f8765bd,Dance & Electronic
d4275e48-788b-402c-a61b-dc6f7f8d7e31,Dance & Electronic
d7de2566-7973-4039-a73f-263befbbac52,Dance & Electronic
de5e0351-a0d4-40d7-b0f6-fc2590e6f9cd,Dance & Electronic
e90ac00a-f7a7-433b-afe4-8f452d917332,Dance & Electronic
f0569e31-043e-4ce2-be21-cda41112b780,Dance & Electronic
f0fc51ca-ae1d-488e-8572-ed408fe0c497,Dance & Electronic
f87ff202-f49d-4b8a-af87-5967a93f407f,Dance & Electronic
fda19af1-1a41-4dc2-9469-07953b97f2d1,Dance & Electronic
021ecaac-d724-4161-aa44-478dabd397c6,Rap & Hip-Hop
02bf11dc-b2ef-44ee-bfae-da2294723c55,Rap & Hip-Hop
098fa08f-13c0-4612-a815-8d6c3d4bd1f7,Rap & Hip-Hop
102cad7c-b1c9-4cd5-b77e-50be50028a91,Rap & Hip-Hop
13e11b20-a077-42d8-8580-d6776e3ec729,Rap & Hip-Hop
1b844bdc-ef43-4c00-9b8e-1ddee369cb1b,Rap & Hip-Hop
1e0628b1-d79e-4d3a-9765-03dd603d49df,Rap & Hip-Hop
22eff219-9b13-4616-9bc5-958f8b2b225d,Rap & Hip-Hop
24160a3e-e3e2-4221-bf8e-657f82c7ce03,Rap & Hip-Hop
26ad9936-6b12-4b4f-8090-74109435a77d,Rap & Hip-Hop
2f7a6735-2e09-4ce2-81e4-b148e6c39a55,Rap & Hip-Hop
31efb7b3-3357-4d88-a16a-0cf2c78610b8,Rap & Hip-Hop
3a75e042-b7a1-40dc-a111-d31dce0e3e56,Rap & Hip-Hop
46919d36-ca3d-4196-be75-f2391188d3a3,Rap & Hip-Hop
475e675d-0297-459c-9e40-0c3afa0cfcb4,Rap & Hip-Hop
50244a67-3d49-47e9-96e8-3df97b4ec346,Rap & Hip-Hop
5d714053-8e86-42e9-aa70-5bbf22a44a12,Rap & Hip-Hop
5e8f6d35-6977-470c-b5fe-5db34047ba78,Rap & Hip-Hop
67e30f3a-ed09-4baa-9b9f-0da985a25984,Rap & Hip-Hop
67ef5277-772e-4e5f-9e52-befa3b542b15,Rap & Hip-Hop
6d2ed37e-d3ac-4c05-b94b-a1b05bcd1f23,Rap & Hip-Hop
77ff8e88-66b6-4089-afbb-3b6e7691796d,Rap & Hip-Hop
845220d1-b6c3-4090-83df-a215b752b355,Rap & Hip-Hop
85f46a94-13e7-4e20-ab99-2170124f97d7,Rap & Hip-Hop
85fd26d3-c92f-40c1-8d9d-169ddc7ca1ab,Rap & Hip-Hop
888da20d-182b-466f-a166-df6f4b4962b0,Rap & Hip-Hop
89205000-8dcd-45e0-a0e0-0a41b49cb362,Rap & Hip-Hop
93f21835-3987-4b06-8027-e3540300884d,Rap & Hip-Hop
9e5e9db5-a274-4872-b4c2-7a0543c91f2b,Rap & Hip-Hop
9f1b66c6-54a6-4d7e-954c-57ac976b0081,Rap & Hip-Hop
ac06d58a-b420-44ea-9b3f-44762b1fc6e7,Rap & Hip-Hop
b731e5e8-e6ea-46a5-9559-a4bc704c639c,Rap & Hip-Hop
bb51741e-16e1-43f2-a2a2-0aed1b2a039f,Rap & Hip-Hop
c0ae519c-6324-45d9-b231-ef6e14a3fbb5,Rap & Hip-Hop
c11d73ac-190f-4a4e-ba0f-105d8c1ef29c,Rap & Hip-Hop
c856c7ce-e526-4b4b-b06e-eb707c39203a,Rap & Hip-Hop
cd5e7eb6-e7bd-42e2-823b-6e0f467f84bf,Rap & Hip-Hop
ce79b1cf-4ca8-4393-8727-4ca1525af693,Rap & Hip-Hop
d1bd876b-eb18-4092-b901-6b3560224f48,Rap & Hip-Hop
d5de6e90-d2ba-4541-b275-1bad980fb280,Rap & Hip-Hop
d5f024fe-7944-4e76-99ce-68cd07a4c4b2,Rap & Hip-Hop
dff882a8-a8c9-4d38-8ea9-1c978713027f,Rap & Hip-Hop
edb2f3f1-9cfa-4d70-8be0-3c78da2c7b65,Rap & Hip-Hop
f4b9b37e-7c7d-4990-ad91-e1f1c60bb285,Rap & Hip-Hop
f5a66ea2-5122-4ce3-a71e-ef68240c1488,Rap & Hip-Hop
f65c85af-84b6-4f81-91a0-4a2ff415e718,Rap & Hip-Hop
fb38ea92-5972-4c1f-8cfd-c3bd8634adef,Rap & Hip-Hop
ff86f0b0-fdd9-4c62-b343-50afd140cb0f,Rap & Hip-Hop