00101edd-3a4f-47eb-aac1-767584291e0a,Alternative Rock
003b5f84-b1b0-4fe6-9eec-64a8f8491e95,Alternative Rock
0052802a-6ba8-4903-b086-d028d214f78b,Alternative Rock
0173c079-da9d-4a38-993a-2145f166c42e,Alternative Rock
01e6739b-34d8-4071-88c2-6662bdb7b011,Alternative Rock
0201b1b1-82d5-472d-8fa7-5b84c42b20cb,Alternative Rock
028ec039-569a-4aaf-a466-46e4edf06168,Alternative Rock
02918f6a-c1df-4aad-902b-9bbb14d46a51,Alternative Rock
02a262ed-48c2-4293-8293-8f3054d7db82,Alternative Rock
031069d1-6881-4387-bd7b-c68aa917b9a2,Alternative Rock
039ae3ed-d4e2-4766-89c5-9850fb9658f6,Alternative Rock
03bc5c86-49ca-4315-9fec-db6523af1b2b,Alternative Rock
03eafdba-f562-48b4-8beb-ae3c0e4a51b9,Alternative Rock
040b63b5-ed71-45f6-a7f4-a98fe1451920,Alternative Rock
04188afa-fc58-4f44-b97f-c3b86f62abe7,Alternative Rock
046fae4b-156c-467a-8a19-ee41cb9ce59b,Alternative Rock
0493dd99-de08-47d5-82b5-de0ecf484e3c,Alternative Rock
04bfd404-d6d7-43fd-af02-60fe390c3222,Alternative Rock
04c02bf1-13f3-4812-99ba-d52e30105195,Alternative Rock
05b5d7dc-fc10-411f-968d-6dce2a95c019,Alternative Rock
06af7fb2-1fe2-48c8-b0be-4e1c558e35a6,Alternative Rock
0806616a-b8f1-4d35-bfba-b73e5da5d963,Alternative Rock
0860584d-df2b-4608-a0cc-acef2ca39b1d,Alternative Rock
08a05e32-93be-4d57-9c21-7d2d659fdb72,Alternative Rock
08ae1190-f161-41ac-8729-ace53a355eb7,Alternative Rock
08c874d1-e1b0-4bd5-80db-5e59bce1df0c,Alternative Rock
0932fcb9-485a-4f63-97a5-d1852d4537cc,Alternative Rock
0a1b6c8f-88e9-428b-b112-731cbe30531e,Alternative Rock
0a9e1f84-1f82-47c0-8a8e-8142b95095c2,Alternative Rock
0adc1c7b-33bb-4c70-9c8a-ae9ab56ba877,Alternative Rock
0b0b84c2-1f0a-448f-8fb5-65b3af741de3,Alternative Rock
0b11797b-6c45-4542-9ca3-064fc45ebb23,Alternative Rock
0bcd4e82-2b7e-4c0e-909d-c0d55634d482,Alternative Rock
0be45860-4683-46fa-90c8-3a7dfcfb1064,Alternative Rock
0c30f90e-b766-43c9-b23e-4cf7f1f5ee9c,Alternative Rock
0db16230-fd63-4618-86aa-0ff47323c0cc,Alternative Rock
0efedccb-8473-4837-a8a7-b96b2755a7f0,Alternative Rock
0f3254ef-7f45-4b46-83f9-b99a4a91bd4b,Alternative Rock
0faee3d9-dfff-499c-b2c8-16e9dfcc2426,Alternative Rock
10513442-d17d-425e-b6e4-afcd99e62c30,Alternative Rock
10dc0bc9-862f-4701-a5d8-c2df1e5755b8,Alternative Rock
11a69264-3ead-4fdb-8f70-3822e95d8f3b,Alternative Rock
125848e0-2e57-4e41-b601-6e46b759f6cb,Alternative Rock
12b22cc5-d24a-412d-ac89-4d3b18d089a2,Alternative Rock
12dac8b3-ba8a-4337-80ee-c3ff37a60ab2,Alternative Rock
132c4636-ca0e-4590-99b4-69bc9d130302,Alternative Rock
13eb8b65-96d3-44f5-8fc3-d9b3c0b6d230,Alternative Rock
13f89c2a-ad85-4792-8859-6dc5f93af309,Alternative Rock
1467875b-d956-40e7-878f-d5e97365888e,Alternative Rock
15dd334b-a3ef-4b02-b772-b600ed3120ae,Alternative Rock
1612c91a-f7f3-4727-901d-bb338987132d,Alternative Rock
1712fd13-69b1-47bb-8eba-97211153c061,Alternative Rock
180dd023-32cb-405d-b79c-f479f2cdc72b,Alternative Rock
1927d57f-9c0d-4496-b89e-06f465737b97,Alternative Rock
19bd7076-5820-4b9c-b4aa-05180795c335,Alternative Rock
1d70cbc5-3d8a-469d-9b6e-a975eb3b4282,Alternative Rock
1e6a4d54-a870-4639-8b97-85f7ba7a2678,Alternative Rock
1ee94e29-f6ae-434a-b73f-053303240e8c,Alternative Rock
1f5d0031-53e0-4050-92dd-4b7657c01d27,Alternative Rock
1fbd855e-c718-4410-82a9-d44871366a5c,Alternative Rock
220dbc4c-0c20-49a8-b28a-25172937a42e,Alternative Rock
23ffba3c-9e1e-4798-9159-ff363cd8bd27,Alternative Rock
24926454-831e-4ff2-bd6f-0a7fe35da4e8,Alternative Rock
259ab4ed-44c3-4413-9af3-03d7017ff3c7,Alternative Rock
263a2abc-95dd-48ef-be25-d19e48add984,Alternative Rock
28f8c064-98b8-483f-8063-42be8db63219,Alternative Rock
2995847a-95ce-4182-aebd-92499e98f734,Alternative Rock
2ac7ee57-e261-4dd2-8d33-93d1191accf0,Alternative Rock
2d06f1ff-41e5-4e53-913a-c670b99c9d1e,Alternative Rock
308829bc-2a3d-4728-86d7-a569cb9a311b,Alternative Rock
3275e68c-6303-4e2e-9863-bc10db0bdfe7,Alternative Rock
329a754f-0c17-45df-ac1c-7fd9f94c6f1e,Alternative Rock
35807faf-ed77-4a8d-9cbd-c3193086c34b,Alternative Rock
35e802c0-df8c-4591-85d4-37da4683731c,Alternative Rock
36c7950c-0b43-402a-aa15-db4ab09dc882,Alternative Rock
3787edf9-8082-4062-8d9f-014954aeae8e,Alternative Rock
3abf2942-6cd6-457e-ad0f-0c14e98a2842,Alternative Rock
3b99007c-a44a-40ef-be23-5ba0856f532c,Alternative Rock
3d90795e-7987-41f9-b1ab-fa0078a5e578,Alternative Rock
4d63d0f9-dc8b-4ffe-9893-0d2b8d1a0eed,Alternative Rock
5313eb36-7116-4b59-9fea-102cf2d66702,Alternative Rock
5ab121d3-5029-4562-8ba5-40a7b42b7c9c,Alternative Rock
5bbdf5a2-5b94-4680-9ed5-2b3d9a5cd8f3,Alternative Rock
5eef6f17-bf5e-4745-b904-a4f388d5b091,Alternative Rock
64faf9ae-ccb8-4287-8d3a-3f68337ce79a,Alternative Rock
68570236-940e-4a7a-9999-e83d315aa57c,Alternative Rock
71d577fa-779b-4e1c-b8b0-7deb2e55bdfc,Alternative Rock
74893a40-dabd-4dba-856f-1adef84b9532,Alternative Rock
a5cabee8-96ca-4e9f-9c25-fa082fd64a19,Alternative Rock
a7bbe441-34f8-4bce-9f25-1e452715d00b,Alternative Rock
cc361dce-e353-472e-90c0-4f5aee23a755,Alternative Rock
cce75347-08f2-4b83-95ec-553e19178ab8,Alternative Rock
ce2a97f6-aff6-4a6d-a149-1afd4db32dc9,Alternative Rock
d4fe0f82-c0ec-4400-8ce5-ef47ad1b1800,Alternative Rock
e08293b5-56ce-4d15-a1ef-8a0405388acf,Alternative Rock
e8e4e25e-fcf8-48fd-83a4-35c587c140a8,Alternative Rock
fbff34f4-0784-4ad7-b800-1be6090c4d96,Alternative Rock
fd223a5d-949b-451d-9666-875ddcd5b63f,Alternative Rock
fed9512a-96f5-4318-a270-b088ad12f800,Alternative Rock
0010d253-87e7-477a-b121-1fcc9cb0a406,Classical
0016fb65-a889-43ca-955d-8527ccc075b9,Classical
0049b644-30b9-48fb-b362-e03d7240bab8,Classical
00c3de34-8e81-46bf-803e-154afd785cc9,Classical
014f53f5-622a-42f0-b740-da337b0158ec,Classical
017099bf-2764-46d3-8c87-82ce6ad8c25c,Classical
017472a1-7018-48e3-af0e-1c1d5a08e291,Classical
019fda00-e54e-4495-b310-68f5be2e8b6b,Classical
01b6a685-8dea-46a9-abaa-8be0bbe21ebc,Classical
01e279fb-52eb-44c4-9e93-fc268cadfa9c,Classical
01f1e39d-6d6f-4f2a-876c-4d635e152558,Classical
02296501-4a19-46d7-a3b2-2d3c24c0d655,Classical
02d71e88-c873-41df-b530-25093498a746,Classical
03054314-326b-46d7-86a8-e847c488441b,Classical
03247ccc-0b7c-4b0b-8e16-cb96992bc3b4,Classical
03cea91b-7597-44a7-80d9-1ba1f150daa5,Classical
03d58bfe-586c-4641-adfc-90d4ea2c4e2c,Classical
04253601-c8fa-4dbc-9b68-812ae76241c8,Classical
04372ad8-c492-4af0-ae52-4d4968ac2814,Classical
0442dc0d-c26b-4b6b-80eb-ae3bac8500fe,Classical
044fc816-7d4f-4f6a-a3b3-1a81f80ecbb4,Classical
04c624a3-650d-404a-8e08-9c59c174f911,Classical
0510b6ca-daf8-41d6-a4db-ececcb2aad11,Classical
052c76ac-5a10-4204-ad2e-34f8f56a1dde,Classical
057af70e-b2b4-48e0-b55d-e58c60ba528d,Classical
05c422b8-9d5f-4c8e-9ab2-f7405f2782a3,Classical
0697392d-763b-4ca1-8fc8-42fe41b1012a,Classical
06a7064e-8944-415d-9178-826173bbaad6,Classical
06cc118f-4546-4bb5-b6bc-a0f9f4f791ef,Classical
072d3370-2e2e-4b26-96e7-9ab3066416ba,Classical
076575f6-6ef7-4397-8f4c-0b83122c26ee,Classical
079df24f-69b1-48cc-8859-0217ea7d5548,Classical
084ce31d-d934-4390-add1-91a6c061b18d,Classical
091ab4df-8da6-4393-b5ea-24909a0c04b4,Classical
0af85cb4-617a-4f0d-80c5-20738fbefd7b,Classical
0b4067aa-31ac-49f4-a0a5-423abb213cdf,Classical
0d7bc7ce-3276-46a4-b618-d6421003dead,Classical
0df2becb-649b-4ffd-98ce-0c25b1b260ae,Classical
0e9341ea-1f4b-45ec-8fb2-a965c760bd86,Classical
0eb59ee8-5978-4130-843b-46e02e61dc02,Classical
0f9c126f-258e-41de-a43b-338508723568,Classical
0fb8818d-e30c-4547-86d6-b5d23aa67eea,Classical
10173426-2b86-41c9-ab30-98732717f8df,Classical
10e57347-1fa5-4a58-ae56-44cfcd927493,Classical
11bfe5af-6faa-4045-9f56-bba40349e3c2,Classical
14396fd4-3074-4399-8bd3-e39893a0e87a,Classical
15f2bb17-9163-4712-bb42-feae1448f94d,Classical
15f4fee2-ca8d-470f-9d9e-03eda016df64,Classical
1603537a-cdea-4960-8614-c60aaf60323f,Classical
168745f4-c016-4595-9a05-56f8e27494c1,Classical
16f31512-e996-41a8-a9c2-86d3fb36fc10,Classical
1a2350a5-a0e9-4c33-bf92-361bd37f4586,Classical
1af75293-4e91-4b7f-a9e6-d5c71df68a1f,Classical
1b206233-0f5f-4420-9e3e-73221d355491,Classical
1bd4fc3e-85a0-4536-a36a-a2950a39778f,Classical
1c391716-eed8-4c16-9b06-b6d1877a7bd0,Classical
1cdd0503-e819-43c1-b81d-5090ee873494,Classical
1cf0f237-cb25-4fff-84d4-87c422daace9,Classical
1d362e72-6b90-42f2-8033-58702546f115,Classical
1e8bbaf0-7a6c-4410-93e8-bd02c4404464,Classical
1ea77503-b6ed-4222-81e5-9bcc902b1a3e,Classical
2126d0ea-5b1d-4ad6-b51a-6e2ced2416f9,Classical
2250f711-fcdf-4ad9-930c-d1c694abd864,Classical
240168e4-6040-4fb4-8678-91b2dd01893f,Classical
2522606f-d404-461d-915e-3b4177156320,Classical
25e1bd3b-304f-4b83-8bf9-fab713f92f27,Classical
29092e98-357a-4e61-9c3d-62b35caf9cb7,Classical
2976e910-2ad3-4d9d-8172-051f28fb0ea8,Classical
299cde1e-8459-4147-b08e-8471eb1e53d7,Classical
2b4d1e80-c104-4f49-a7fa-80cf6e831730,Classical
2bc0fff6-3a9a-46c0-961e-bb38d115547b,Classical
2be0089e-4a3c-4fe7-90de-97b8732220c5,Classical
2e97a67c-9dae-487a-a0fa-857b17e764c4,Classical
3101cf4d-b432-4b41-bf60-529dde0de1a7,Classical
34882442-e89c-4f7b-b319-a586a2be3b1c,Classical
36efbf75-2777-4306-93a8-b0e2a6091548,Classical
3af1882f-bfa2-4719-a708-44fafa84f2f5,Classical
3c8f17c4-c5b2-4f38-8f14-ea50aa5ba078,Classical
3cd567f2-1cbb-4d02-b130-ea8bc48fed30,Classical
3e059cf1-fc57-4def-b339-b0ca852b7c5d,Classical
3f74235d-43d2-499b-84ef-16ee6edde1ee,Classical
3feed1ee-879c-4d0f-904b-337e103b2d7e,Classical
408c70e9-5ccc-4674-9eca-21acf399bb4d,Classical
409b7562-6ef2-4ff2-a64b-e925303b9c0c,Classical
48236d8b-1927-4987-8322-b75ad01b3d71,Classical
499a5ed1-2142-4e93-8853-4500b25a518f,Classical
507aa7d1-3100-4c16-9e87-ee0346129561,Classical
513e682b-a867-47ff-bdb3-591bf7afa8e3,Classical
574533ba-03f0-4a50-a8c0-1c06d4e93a50,Classical
5b37cf24-2970-446c-b44f-5b5c10d0d50c,Classical
5c9832e0-36f9-4558-8909-440aa9c2f6b1,Classical
653be200-ccc0-4bf5-aef9-c496ebd599b0,Classical
843fc573-5b2d-4472-8db7-2e79b7b4c41e,Classical
8cf0c893-4949-4bf5-9714-bab50f0f7ecd,Classical
a2fa61ae-3c7d-4d92-817b-591fd3b17107,Classical
a4568980-b737-480c-ae62-085a49dcdb24,Classical
d1e06d5c-6e2c-4ede-9622-0d3a9392246a,Classical
ddbf9e0c-4d36-459a-ac46-421da810b136,Classical
ed5e4aad-579d-4cd0-b4fc-3701115992a3,Classical
f3a9bad6-6da5-456e-bf5f-21d02625f52c,Classical
002084b6-fed1-48bb-b870-5ac761893fba,Jazz
004e1ea3-72c0-4892-9597-0b7e7afc2441,Jazz
005b97f3-ff31-4c2f-bb43-62de72615f11,Jazz
00c021e6-f3f0-43ed-93b8-b2f3760a936c,Jazz
00dfc717-76ae-4b5d-a1c2-c7f0265e0d93,Jazz
0107c39d-527a-418c-919b-216c34c5eb85,Jazz
0241252f-54be-409f-a3f6-c228ef44f5d8,Jazz
033208a0-7a8c-43ac-9d40-459bf7798825,Jazz
03448d40-6e3b-48c0-9f96-c7550270b33e,Jazz
03a41b20-f04b-4f32-8863-7bddddb6650b,Jazz
03e304d4-e014-445b-a795-a3b06ef2f7ab,Jazz
0452be85-baea-4dbc-915a-7a42c98c66a3,Jazz
048ddc60-2ec0-48fa-8bf8-ca1f39845f8d,Jazz
049f009d-eba2-4070-89d2-b9c490b2c6f6,Jazz
04ce0cec-cbd0-4359-ad40-abf8f16add97,Jazz
065391dd-37f4-465f-9055-6ff565695434,Jazz
06b768de-121b-479d-a048-4d7b04d2e06f,Jazz
06e26c69-a273-4c45-a853-37b9bd81bbeb,Jazz
072a7417-037a-4dac-a196-4fe187221cdc,Jazz
0778ab15-0cd1-4912-a542-b143e2600748,Jazz
078b43ab-5c57-4d66-90f4-6da9488796f2,Jazz
079548f8-c002-4991-9bbe-3b3780546da9,Jazz
07dd38d7-e25a-43ee-ab1b-350c88725605,Jazz
0ae09127-a680-43cc-b17f-fb06459cd3a7,Jazz
0b0149ed-2d2e-47d3-9629-9958a03a37a7,Jazz
0d703698-c417-4033-a779-356ad540885a,Jazz
0da79ade-568f-495c-8864-01309de94fa1,Jazz
0dfac2f2-19d4-4e85-b1c5-c88049e09724,Jazz
0e49150c-177a-4659-ab7c-c412bffa88b5,Jazz
10660145-80b0-4b3b-90d5-4cda7838e420,Jazz
10af394c-1216-4db7-90b1-a4172996954b,Jazz
10e23342-f554-479d-876c-c6463cbca25b,Jazz
115480ce-08d7-42d4-bdb3-69d13875d9cd,Jazz
11c3fb96-5052-406d-86d5-b8fde2a1fbe6,Jazz
11c865b4-7e63-4e65-9145-eeb9212a192f,Jazz
11d86693-56e0-4b2c-a028-0538fccb9c92,Jazz
130b098d-53ec-4c09-9a7e-ee530df0047e,Jazz
13ee84e3-3dbc-4651-bf5f-c89334a23582,Jazz
13f0a500-ba87-4dcf-a59f-1ec5ad30a882,Jazz
13f1f95a-8e9d-471e-9a1f-36e2840aa22f,Jazz
14fea235-4c80-4a3b-812d-d767f75a3076,Jazz
15066703-3f6d-4be3-bf96-721723df02ea,Jazz
15930b06-f750-4b2c-8e5b-153048ed1421,Jazz
15c154d7-2b7e-453f-a3c0-38361de147b3,Jazz
16d68e3e-ebb0-4534-99aa-674992a0dd42,Jazz
17265505-94f6-4e02-ba22-ad313fee27cf,Jazz
18d00fa2-fa6e-4443-88f7-65ec2fe23c5d,Jazz
19c5ea27-e6d2-421d-b448-506c46d629b3,Jazz
1a795973-9365-411c-9768-063ea0fa85ce,Jazz
1b070229-7c1c-4fd8-918f-6404c3b770d6,Jazz
1c93fe70-cdd9-46d7-b9c7-e1ec2e12380b,Jazz
1d4eff8f-4526-4457-bea2-5c1d0dcf839c,Jazz
1f72a4bf-44f8-43b2-92fd-22ddf5313619,Jazz
20ad4a79-9412-4e50-aff9-dac9b75843bf,Jazz
21a33c64-5fa6-4947-848b-5eeebfe0b202,Jazz
25845bc9-bb04-49da-8cc4-dd737225389e,Jazz
26126224-d312-47ff-9d40-7f5c560a3b8d,Jazz
271cbd9a-ff5e-4a21-8e2e-d5bc328fe0eb,Jazz
28583513-2180-4171-be98-8317f255544f,Jazz
2b3d1bf2-3ede-4e0e-b4e4-9b9aa9059fa2,Jazz
2d1119b5-13b3-4230-841d-05d74ffdd6ae,Jazz
2f7f9919-0eb5-49dc-b388-7213da13bed6,Jazz
2fbc13b2-3e62-4d6e-82c4-0167165ee83e,Jazz
331162ff-89fc-4d4b-a1a5-6b810c747eca,Jazz
33c8f562-8aaf-4eb8-82b9-afc009edb424,Jazz
3624bbed-b867-45fc-98a3-817887f3db22,Jazz
373c568e-c257-4029-9945-448b580c23d3,Jazz
390444bf-074a-42a5-b3cc-2c71871accd8,Jazz
3b34a6f0-717a-4d11-87d1-a82c87ad139e,Jazz
3b7eeddc-322d-4244-91b2-5d757ef9ebe4,Jazz
3bd1c26e-2fa1-4cfc-8217-20b8262c603d,Jazz
3cc37cd0-f9a5-4eaf-83a9-b78f483fbe48,Jazz
3de4a9f0-2eec-4571-bc0a-960ae77f9d98,Jazz
40e38c80-e0cb-482a-bf90-aefd6b5d1abb,Jazz
451e3ac1-f7ed-4a0c-84ee-e53d2410d236,Jazz
47e2f367-57d0-4f4d-8b54-5ac4ea60b08f,Jazz
49e9a866-c921-489f-9c63-f96cd3783065,Jazz
4bb92083-2811-4936-a1ed-79ac55e9b739,Jazz
4d5f099b-b771-455d-bedf-2f2a71d29dcb,Jazz
4fc374f2-1162-485e-8752-46f6e2310e8b,Jazz
520ba250-5176-4e08-8c1f-5fb7c84e6d9e,Jazz
57773fe0-5406-4c6f-905a-162ea990298e,Jazz
5be3057b-1e19-4384-8b90-5d3a975800fa,Jazz
6554900f-d067-452b-9d91-079cb264c777,Jazz
6a3136ce-ff0c-481d-af34-95ec08c3ca59,Jazz
70dda220-34cf-457c-aab9-fc5db5aaa244,Jazz
75784536-d6e3-420d-9493-276b38edda77,Jazz
76ac047e-ad21-4989-95bd-7260434c78a4,Jazz
77bb262a-f6f2-4b21-8435-fec042bf4bb5,Jazz
8b15b13d-dfba-4fd3-b649-a3983c707666,Jazz
8d1112c7-92a0-4133-ace8-8dd58ac77d69,Jazz
9a6da98d-d21e-46fd-b8ec-bdea43c24521,Jazz
a6b78c0b-a82f-4e05-8256-29f0cd6bd227,Jazz
b906157a-37c8-434e-9eae-3f6e5f3a7b87,Jazz
bc001139-4e2f-4398-9cfa-6c70e3e7af44,Jazz
be0f100c-8f27-47b2-886a-681ed0159c0d,Jazz
c51d221e-1864-4489-b1c1-c8e75a340657,Jazz
e79c9259-39af-48f2-b4ee-9b23537bbe26,Jazz
f26fceb2-6994-4f59-af04-4d42453c7134,Jazz
f575b62d-1313-4867-a16e-c5a1449dd4ec,Jazz
008083c0-3a73-4072-a14d-860eaa628f05,Dance & Electronic
00a34c33-6367-4228-ad21-c028ddc3bdfb,Dance & Electronic
00d73408-d9a0-4c9e-92d4-1a858d61bf7e,Dance & Electronic
016d09e6-ab88-40bd-a023-44b81f205a30,Dance & Electronic
01ba90e9-7487-4aaa-bebe-b93358716b92,Dance & Electronic
01e2ecee-60c9-4732-8293-bb6039bf10d5,Dance & Electronic
024f51ee-0d21-4a92-ada7-fcf0747e42e6,Dance & Electronic
0253fcdc-c8d2-480c-bc46-024cd992826e,Dance & Electronic
02711633-9715-4284-9462-67325fa9f167,Dance & Electronic
02a558a7-6f4c-4949-85e4-58865cd76784,Dance & Electronic
02c6479d-1d6b-48fc-9127-8f750ba39a20,Dance & Electronic
030517bd-1aaf-4c29-b526-30587ecfe150,Dance & Electronic
03eff027-b5e3-4cda-bd90-adb491a79412,Dance & Electronic
0423324f-7d9a-49a9-8e38-11563a007a62,Dance & Electronic
0444ad00-76d5-466d-9272-de269e0f368f,Dance & Electronic
0471ee91-c129-4749-8861-93185cd5f732,Dance & Electronic
04bdca7f-ef12-4673-b35c-b44f1e4f2534,Dance & Electronic
04d68419-82cd-41ad-a09e-1d8baf85efa0,Dance & Electronic
04fd0b59-18d1-458c-be97-2960811aea7b,Dance & Electronic
050ea352-7935-460c-909c-3fd5001f89e1,Dance & Electronic
05254a36-7c84-407e-aeac-23a488f2600b,Dance & Electronic
05acd68d-04d2-48c2-81c3-3d336f0fba8a,Dance & Electronic
05b1ce45-c99c-42d9-a6c8-ea847b48506d,Dance & Electronic
05e18782-da8e-4167-9b26-fc279b9a49b7,Dance & Electronic
06e8c727-5fab-4f10-9f1f-9456f88388bd,Dance & Electronic
0734e3b3-4ddb-4b63-bcdd-efb28c148c41,Dance & Electronic
075b6e23-c0ff-430a-b4f8-9b19090ba074,Dance & Electronic
07a0f44f-4b71-4b3a-90df-cc2d3e97190d,Dance & Electronic
08b60ee2-429e-492b-9097-9518e9b5f1d4,Dance & Electronic
08cee842-d3f4-48ee-b45c-18885c13f959,Dance & Electronic
095c537c-a7c5-46e8-a9f7-246259edbb6e,Dance & Electronic
097ae7e7-5916-4797-967a-c31e2a9ea5c3,Dance & Electronic
09afd2e8-54ae-4861-92ba-ddf53d2de0ac,Dance & Electronic
09f3795a-245a-4af8-b776-4f7cb5fafa79,Dance & Electronic
0a164b5b-c728-47d9-a796-0f5e7e17d10d,Dance & Electronic
0a4787a9-1d17-4fe5-bd23-a2ac4824a712,Dance & Electronic
0b725434-1f2b-45f0-8f57-dc8a44d30d12,Dance & Electronic
0b87ae7d-cf53-456e-a603-4e70bfeba8d8,Dance & Electronic
0ba6cd92-331f-46e4-8f1f-74a891a573c0,Dance & Electronic
0ceea6e2-ca02-4b4c-a478-c544493af900,Dance & Electronic
0e46e4a6-ce49-4962-8715-73bf4c143930,Dance & Electronic
0ed41789-e2a7-43da-8590-4e9ef135a43b,Dance & Electronic
0ed6ca12-23cc-4334-a773-81ba582496da,Dance & Electronic
0ee3a41b-9218-42b1-bb8c-c035b4b83f55,Dance & Electronic
0fe164d3-cab2-4386-a0b8-7448170ec469,Dance & Electronic
0fefa13b-3375-4a24-98a8-cc5cfebcf1ca,Dance & Electronic
105ba2ee-d6e5-46b8-9580-ca99679b2c6c,Dance & Electronic
116ebce2-44f5-4107-aedf-15e8022979c4,Dance & Electronic
1197625f-8113-40bd-a55a-6bb9ebfd8ab6,Dance & Electronic
1283587b-7bb8-4c1c-8550-ed751f47c65d,Dance & Electronic
12ac4a57-4926-40d6-a093-cb12fb0e56d5,Dance & Electronic
13342a0d-d120-430d-be5a-a2259b1ae7a4,Dance & Electronic
138d073e-6e5f-43f2-865d-bf5d31dede41,Dance & Electronic
13ec6f4f-f469-4735-8d2e-90dc20d0b92b,Dance & Electronic
1417a225-8085-4529-b76a-9a146c02b11c,Dance & Electronic
16c0884b-808e-442d-a333-75f5f1cbe2fe,Dance & Electronic
181cde1a-e371-4388-b5da-4d83a87b8121,Dance & Electronic
18667112-e670-4405-9991-57153298b622,Dance & Electronic
1a5b2568-6c19-4ec1-85b0-0885bc093f9a,Dance & Electronic
1b286481-f248-44e4-8238-7c044e1140d5,Dance & Electronic
1c6b710c-5b22-492a-89d1-a67fbaa97ca0,Dance & Electronic
1cb398e2-d913-4338-a125-0060905bb9c9,Dance & Electronic
1d263275-1a68-4f4d-b488-e3dc7f3f4873,Dance & Electronic
1fe75e76-b427-407b-9636-188e899292f3,Dance & Electronic
224dd49b-5516-4e69-9db0-ce837004068b,Dance & Electronic
23a22aff-0cf1-46cf-81e7-c1adb6064491,Dance & Electronic
25c8a432-63da-4b5a-a4b9-80b18ea0d1ea,Dance & Electronic
26730cb6-2bf4-47fa-b36c-2b43eaa242de,Dance & Electronic
2e6c7b24-9e28-46b4-bdf8-76b24dc0f94b,Dance & Electronic
2fdcb289-be9f-40c4-9c65-d1d5403d8773,Dance & Electronic
3355eafc-2dcb-4f3e-a335-fa249014c940,Dance & Electronic
3698ee22-623f-4bf9-91a2-a6c4bd8518a3,Dance & Electronic
370c5824-d02e-4ce3-b3b2-fbf661c5110a,Dance & Electronic
39e2f3b8-4922-40f2-8185-a36d6dda10a5,Dance & Electronic
3e850bca-2525-41dd-adfe-7f21fb3aee0a,Dance & Electronic
4187d6a8-6033-40a2-b46c-bf77daa2fe7e,Dance & Electronic
43b2d06c-1b5d-412a-8d96-b617c77e09cd,Dance & Electronic
4761d9f7-0f9b-4ba1-b746-cc29d8c742e0,Dance & Electronic
52e3d34b-ebc8-4d1e-b029-59984ce43576,Dance & Electronic
5a8c83e7-a31f-4486-a30e-ed643906db80,Dance & Electronic
5bb41bdf-976e-4bc3-b9fe-4f25b34ae882,Dance & Electronic
5f643f42-30f1-431c-b63e-3db5e60195e5,Dance & Electronic
5fbc321b-91c8-4613-8537-8572ab1f4f50,Dance & Electronic
605c6aa2-5802-4b29-ab39-4c0854808a46,Dance & Electronic
6234b845-41f8-4ef7-a97c-c336c6d90b8f,Dance & Electronic
6573978e-45eb-416a-b49b-fc4647664bb0,Dance & Electronic
7a9ab1f2-80d4-4c8b-9250-ef77b580d324,Dance & Electronic
7e558cbf-993d-4f29-88a9-d36f14fdf1cc,Dance & Electronic
7e6083e9-585a-44cc-b94c-94304fe40809,Dance & Electronic
7ee0269c-5379-4bfb-b06c-a11ffcebef9b,Dance & Electronic
7ef421a9-b250-492a-be02-1344a4f6559a,Dance & Electronic
82f27756-f233-41a8-a80f-a9844c974295,Dance & Electronic
9a2e1c47-247b-4046-a2d1-dd87ef6ade71,Dance & Electronic
a130a14e-4772-4e31-b7c2-186ea8766b3c,Dance & Electronic
b49c774f-c3ab-4689-9f69-8fc6d9a3a568,Dance & Electronic
cc8fa608-7e17-4ac4-8052-0d00c23f57a5,Dance & Electronic
d1b0ef48-1f36-45b7-b07b-830eabf45a3c,Dance & Electronic
ede7bd80-8e40-4f08-9888-3f2d24d299ff,Dance & Electronic
ff3b3548-daff-4252-9337-513f0785f68d,Dance & Electronic
002ac4c1-eed7-46d3-aa99-344ab8f0c932,Rap & Hip-Hop
00685523-e5b4-44e8-a063-bbcc39f5de33,Rap & Hip-Hop
00735252-e22a-4f9c-9f02-93135ef80cc9,Rap & Hip-Hop
013a04b7-8d98-428c-8cf8-b51dc136e00f,Rap & Hip-Hop
0187555c-cc5a-4702-9117-36821024cb0e,Rap & Hip-Hop
01f2169e-22ef-4641-aea0-77085e76f12a,Rap & Hip-Hop
0230b8be-845f-48f4-ba04-31b12a463c12,Rap & Hip-Hop
0244ba34-a75c-4075-8e2b-1ee27ff0d7c8,Rap & Hip-Hop
029f38ca-1262-43d4-8a87-03290eccb472,Rap & Hip-Hop
02ba1810-e6ac-4993-99ba-cccd7095bddd,Rap & Hip-Hop
03b953ff-617e-45d8-8a19-ebd2ba955f87,Rap & Hip-Hop
03bd3d0c-3bc9-42b0-a140-e987263aed2f,Rap & Hip-Hop
04245737-d57a-4c72-8fb0-8caa598f29df,Rap & Hip-Hop
04245d38-ce30-4f3d-bcf2-d0e13d345ad3,Rap & Hip-Hop
04833d58-1073-47f4-a695-caa8d432f7b5,Rap & Hip-Hop
0486d4ca-adfe-42cd-b9a4-c9bbd1aa5ddb,Rap & Hip-Hop
04ee60a3-e337-43bb-8b51-f6df4d1550d5,Rap & Hip-Hop
052288a1-d78f-43cd-8361-432a84599909,Rap & Hip-Hop
059a1d19-0246-459c-b25d-d08c7100e3ca,Rap & Hip-Hop
059aa998-84ea-4a64-b130-803172668159,Rap & Hip-Hop
05b438d7-4f4f-4f96-bfe8-6166c60aafb2,Rap & Hip-Hop
063c2d25-cdf3-424e-980d-d84002ed6ae4,Rap & Hip-Hop
06aa668d-8821-4d83-a58b-a945c7b4fdcf,Rap & Hip-Hop
06b18987-84ca-45f6-9da4-2d5e7d3e4253,Rap & Hip-Hop
06f0e040-0910-439f-bf34-b20832ba4708,Rap & Hip-Hop
06fe0630-a326-4ef0-950a-37f5012bdedc,Rap & Hip-Hop
072f4b78-dfa2-4311-afec-ac6400eb90e5,Rap & Hip-Hop
074cf1b1-bd17-4bbf-b5da-f906ba3d5b6f,Rap & Hip-Hop
07ef5aef-da8b-4bc5-81cf-16545e4f772a,Rap & Hip-Hop
0855b3f3-9a19-443b-a660-6aa1c4544959,Rap & Hip-Hop
08a84236-fb0d-42fa-b674-92e740777398,Rap & Hip-Hop
09c290f6-56d8-4eb1-b904-608c2ffac9f3,Rap & Hip-Hop
09c7ec4c-60aa-4cb7-bc70-daf076e307ef,Rap & Hip-Hop
09cee2cb-a996-4b74-a1cc-f3123835270e,Rap & Hip-Hop
0a732c23-a2c9-43ec-8d05-f5aba2a9f2a4,Rap & Hip-Hop
0afc5a63-4ff9-42da-898f-a121f4714403,Rap & Hip-Hop
0b0f9d2e-bd06-4644-8edd-96cc2ac78f0d,Rap & Hip-Hop
0b8b7270-82a6-4e78-8fa5-09e73b2ac7da,Rap & Hip-Hop
0b958a4b-6ed1-447b-be3f-fb91270c469f,Rap & Hip-Hop
0bc9a2bc-8375-4ab9-8da8-6b1dc095e5db,Rap & Hip-Hop
0c52a994-720a-4b59-ba0a-d984fff858b8,Rap & Hip-Hop
0ceb3eb5-5827-4d3a-bdc5-e8bc28e0a5db,Rap & Hip-Hop
0d764ca8-1cf7-47f9-bf27-a578293450ce,Rap & Hip-Hop
0e12ca26-b258-4617-b611-a2886695ddbf,Rap & Hip-Hop
0fd5e206-0232-46b1-b64f-1c3f0c1496ed,Rap & Hip-Hop
102f6bc9-7401-43d0-9e21-4a0172641d06,Rap & Hip-Hop
1176afe4-9be2-42d4-86c9-fb0a2b6f908f,Rap & Hip-Hop
11ab27c5-9bd1-4c24-befe-6de3d1f29cd3,Rap & Hip-Hop
11e3b1ae-d588-4b06-bb34-7e16ff55046a,Rap & Hip-Hop
1233135d-f9e1-47fe-9439-c922000c33c8,Rap & Hip-Hop
123d98d1-b7ce-4fa3-97cd-d107584f2c1d,Rap & Hip-Hop
1319d510-5ff0-4ef7-bdf7-3d4cea332a44,Rap & Hip-Hop
1393155e-ec5f-44b6-8138-ef9819497f2e,Rap & Hip-Hop
13c08a76-d8e4-4c08-8271-05a4042c4cdb,Rap & Hip-Hop
140fbd9c-bd27-4e5a-8087-b1a82d937b97,Rap & Hip-Hop
14d2ee73-ec79-4710-ab0b-ba9cda009361,Rap & Hip-Hop
15b5b900-bd3e-42fb-aae1-8467f2882bbb,Rap & Hip-Hop
179e848d-84ec-43d8-99af-a89da825a242,Rap & Hip-Hop
17da36b6-ecfd-4309-9bd5-c7fbcc4d0426,Rap & Hip-Hop
19901281-1537-41d6-8aa3-3a0e8a658842,Rap & Hip-Hop
1b11b79b-3d6b-46eb-af0d-bfe32f32a72b,Rap & Hip-Hop
1fce033a-18c7-4c76-9d3d-3552148f666c,Rap & Hip-Hop
1fd24999-29d5-4230-9851-21d1a614564f,Rap & Hip-Hop
288a8eda-766a-445e-a12b-10211ab3e5b2,Rap & Hip-Hop
2a0cbc96-42a8-4800-81a5-223090ef0e3a,Rap & Hip-Hop
2b40de39-2699-4981-bfb3-9eaeafe7f55c,Rap & Hip-Hop
2c63238b-866b-4743-b655-465022feb0a3,Rap & Hip-Hop
2e0d691a-2767-4282-af8a-a59715d79193,Rap & Hip-Hop
2ebc209b-3e6a-40bb-b202-6c957231da19,Rap & Hip-Hop
2f124ffa-b141-4047-93cf-f9ac6582a2be,Rap & Hip-Hop
30069dbc-3a7b-409d-8a0b-2ddec6cd021f,Rap & Hip-Hop
3197154a-de06-48e4-9f0c-a28208a486f4,Rap & Hip-Hop
319e0a7b-a384-415e-91d9-fd1e36884e0d,Rap & Hip-Hop
33ea6455-a915-47b2-b65a-9da83713ab18,Rap & Hip-Hop
36912ea8-7ce7-4ed3-8de6-80ee14639123,Rap & Hip-Hop
3b89b0d2-c186-4c76-bf64-fad5ba23d922,Rap & Hip-Hop
3e18aa03-5878-4ec5-8a59-fb61f1097066,Rap & Hip-Hop
3e5f62d2-ff25-4df4-a199-17a26cd741d8,Rap & Hip-Hop
3e975f63-a3ff-4913-8bea-a6df13e6cd86,Rap & Hip-Hop
45f652e8-1967-4e4a-b6cf-c7e0904316be,Rap & Hip-Hop
4683fd37-4fc9-44f1-b408-9b1dfe78f32d,Rap & Hip-Hop
474cf56b-3d2d-4302-803b-f5fffb0ec4f4,Rap & Hip-Hop
4932bd38-ad4f-4d07-b895-2ec9dfab8f31,Rap & Hip-Hop
4f2e4439-60ac-440e-b08c-06a058af6ac6,Rap & Hip-Hop
50f6b2f0-d8f9-4237-972a-1047280841cf,Rap & Hip-Hop
5b07f432-63c2-4d8d-8c48-b36d0124a39a,Rap & Hip-Hop
5e1c5f4e-0a14-4b3c-8aae-420d9d60b8e9,Rap & Hip-Hop
79736849-bd3e-4d9b-86f7-99f43df84601,Rap & Hip-Hop
864c6d8e-01c3-4fff-b471-053b79b59613,Rap & Hip-Hop
8f32c56f-fb5c-4fdf-8ca8-c5c8ef32d3ab,Rap & Hip-Hop
97ecc11d-422b-41ad-a2bf-807dd99b62a8,Rap & Hip-Hop
9d1d9f78-070b-4b36-b796-d82aa423e9ac,Rap & Hip-Hop
a1ed2845-0c0c-4b4f-87fa-e0e50c0d3d10,Rap & Hip-Hop
a28fd793-c89a-47a4-a850-873665aed8cb,Rap & Hip-Hop
abcc4034-b590-412f-96d6-f0ba16f983f7,Rap & Hip-Hop
b1b27e43-5221-4c47-b4ed-b7fc30ec454a,Rap & Hip-Hop
b658ba14-d5f4-4492-a856-360b4d5c16bf,Rap & Hip-Hop
bb0ffad2-be88-4b5d-a140-ac1b7c5ad37b,Rap & Hip-Hop
e6719298-2ff5-4ee0-92ea-3ecae33ba468,Rap & Hip-Hop
fa64710d-ed5b-449d-b2eb-65fd0fb03fec,Rap & Hip-Hop
